id,name,firstPosition,secondPosition,thirdPosition,missingPosition,image,startDate,endDate,code
1,voelspriet,"Lorem ipsum dolor sit amet, consectetur adipiscing elit. Sed consectetur et ante vitae fermentum. Nunc elementum enim at lorem sagittis, non interdum libero sodales. Vestibulum in mattis diam, quis facilisis ex. Nullam euismod felis et lectus auctor, sed sodales ipsum vulputate. Sed quis velit non diam dignissim posuere ut sed elit. Aliquam at erat est. Aenean venenatis tincidunt auctor. Curabitur ac lectus odio.","Cras tincidunt eget nisi in facilisis. Vivamus at arcu vel justo fringilla fringilla sed ut felis. Curabitur convallis sem id eros condimentum, a tincidunt lorem pharetra. Maecenas ornare magna et imperdiet sagittis. Maecenas finibus odio vitae aliquam ullamcorper. Vestibulum eleifend, neque mollis eleifend mattis, nunc nibh maximus felis, tincidunt vestibulum lorem sem eget erat. Integer tempus sem nec enim auctor viverra. Suspendisse lacus nulla, ultrices scelerisque hendrerit a, tempus vitae nibh. Integer a mauris nec urna mollis semper eu quis elit. Suspendisse massa orci, scelerisque vitae quam eu, egestas rutrum eros. Praesent egestas turpis in tellus tincidunt porttitor. Integer at pharetra massa.","Nam congue fermentum nunc, vel finibus mi finibus nec. Vestibulum aliquam eros metus, vestibulum porta mauris lobortis at. Duis metus ligula, cursus nec purus vel, posuere consequat felis. Nulla interdum lacus id sem fermentum volutpat eu ut enim. Aliquam eget posuere ipsum. Fusce nec eleifend neque. Maecenas quis imperdiet massa, vitae suscipit est. Phasellus hendrerit risus ut semper efficitur. Donec ut sodales est, eget rutrum justo.","Lorem ipsum dolor sit amet, consectetur adipiscing elit. Sed consectetur et ante vitae fermentum. Nunc elementum enim at lorem sagittis, non interdum libero sodales. Vestibulum in mattis diam, quis facilisis ex. Nullam euismod felis et lectus auctor, sed sodales ipsum vulputate. Sed quis velit non diam dignissim posuere ut sed elit. Aliquam at erat est. Aenean venenatis tincidunt auctor. Curabitur ac lectus odio.",1.jpg,06/01/2021,3/2/2021,766
2,hartenlief,"Fusce laoreet sapien lobortis ligula molestie, et blandit ante ultrices. Phasellus accumsan felis vitae elit feugiat rutrum. Vestibulum porttitor posuere lacus ut eleifend. Aliquam porta libero dolor, nec faucibus tortor iaculis placerat. Mauris pulvinar tortor non tellus hendrerit, vitae pellentesque ex commodo. Integer commodo odio eros. Mauris eu hendrerit nunc. Nullam sagittis posuere justo, in pretium nisl vehicula et. Aliquam placerat ac risus vitae congue.","Integer ultricies euismod ante, nec consequat metus congue in. In consectetur porttitor sem in vulputate. Aenean suscipit gravida magna, eu semper nunc gravida in. Sed sagittis lobortis malesuada. Maecenas sed odio enim. Nam quis erat velit. Integer rutrum laoreet ante at venenatis. Nam elementum sagittis nulla, a lacinia massa porttitor et. Nam eget mattis diam. Fusce posuere dictum tempor. Quisque lorem quam, hendrerit ullamcorper lectus vitae, sollicitudin placerat nisl. Ut viverra, est in sagittis venenatis, metus arcu faucibus sem, a congue nisl dolor non magna. Morbi lacinia mi ut imperdiet faucibus. Aenean egestas nunc ut scelerisque egestas. Pellentesque ornare tempor erat a faucibus.","Lorem ipsum dolor sit amet, consectetur adipiscing elit. Sed consectetur et ante vitae fermentum. Nunc elementum enim at lorem sagittis, non interdum libero sodales. Vestibulum in mattis diam, quis facilisis ex. Nullam euismod felis et lectus auctor, sed sodales ipsum vulputate. Sed quis velit non diam dignissim posuere ut sed elit. Aliquam at erat est. Aenean venenatis tincidunt auctor. Curabitur ac lectus odio.","Nam congue fermentum nunc, vel finibus mi finibus nec. Vestibulum aliquam eros metus, vestibulum porta mauris lobortis at. Duis metus ligula, cursus nec purus vel, posuere consequat felis. Nulla interdum lacus id sem fermentum volutpat eu ut enim. Aliquam eget posuere ipsum. Fusce nec eleifend neque. Maecenas quis imperdiet massa, vitae suscipit est. Phasellus hendrerit risus ut semper efficitur. Donec ut sodales est, eget rutrum justo.",2.jpg,4/2/2021,11/2/2021,784
3,ideeÃ«nbus,"Cras tincidunt eget nisi in facilisis. Vivamus at arcu vel justo fringilla fringilla sed ut felis. Curabitur convallis sem id eros condimentum, a tincidunt lorem pharetra. Maecenas ornare magna et imperdiet sagittis. Maecenas finibus odio vitae aliquam ullamcorper. Vestibulum eleifend, neque mollis eleifend mattis, nunc nibh maximus felis, tincidunt vestibulum lorem sem eget erat. Integer tempus sem nec enim auctor viverra. Suspendisse lacus nulla, ultrices scelerisque hendrerit a, tempus vitae nibh. Integer a mauris nec urna mollis semper eu quis elit. Suspendisse massa orci, scelerisque vitae quam eu, egestas rutrum eros. Praesent egestas turpis in tellus tincidunt porttitor. Integer at pharetra massa.","Lorem ipsum dolor sit amet, consectetur adipiscing elit. Sed consectetur et ante vitae fermentum. Nunc elementum enim at lorem sagittis, non interdum libero sodales. Vestibulum in mattis diam, quis facilisis ex. Nullam euismod felis et lectus auctor, sed sodales ipsum vulputate. Sed quis velit non diam dignissim posuere ut sed elit. Aliquam at erat est. Aenean venenatis tincidunt auctor. Curabitur ac lectus odio.","Integer ultricies euismod ante, nec consequat metus congue in. In consectetur porttitor sem in vulputate. Aenean suscipit gravida magna, eu semper nunc gravida in. Sed sagittis lobortis malesuada. Maecenas sed odio enim. Nam quis erat velit. Integer rutrum laoreet ante at venenatis. Nam elementum sagittis nulla, a lacinia massa porttitor et. Nam eget mattis diam. Fusce posuere dictum tempor. Quisque lorem quam, hendrerit ullamcorper lectus vitae, sollicitudin placerat nisl. Ut viverra, est in sagittis venenatis, metus arcu faucibus sem, a congue nisl dolor non magna. Morbi lacinia mi ut imperdiet faucibus. Aenean egestas nunc ut scelerisque egestas. Pellentesque ornare tempor erat a faucibus.","Integer ultricies euismod ante, nec consequat metus congue in. In consectetur porttitor sem in vulputate. Aenean suscipit gravida magna, eu semper nunc gravida in. Sed sagittis lobortis malesuada. Maecenas sed odio enim. Nam quis erat velit. Integer rutrum laoreet ante at venenatis. Nam elementum sagittis nulla, a lacinia massa porttitor et. Nam eget mattis diam. Fusce posuere dictum tempor. Quisque lorem quam, hendrerit ullamcorper lectus vitae, sollicitudin placerat nisl. Ut viverra, est in sagittis venenatis, metus arcu faucibus sem, a congue nisl dolor non magna. Morbi lacinia mi ut imperdiet faucibus. Aenean egestas nunc ut scelerisque egestas. Pellentesque ornare tempor erat a faucibus.",3.jpg,12/2/2021,5/3/2021,656
4,wereldreiziger,"Donec et molestie nibh. Etiam massa ex, commodo id neque sit amet, facilisis pellentesque odio. Curabitur eget nisl leo. Nulla placerat nulla sed suscipit interdum. In a mauris orci. Pellentesque habitant morbi tristique senectus et netus et malesuada fames ac turpis egestas. Proin auctor, elit eget faucibus vehicula, metus arcu cursus quam, varius tempus libero ligula sed nunc. Mauris volutpat justo non tempor ultricies. Proin iaculis vitae ante sed dapibus. Fusce elementum massa non lectus semper porttitor. Pellentesque pretium ex convallis, mollis massa eu, efficitur tellus. Nulla facilisi. Praesent cursus aliquam convallis. Vestibulum bibendum diam non tellus condimentum, eget tempus ex tristique.","Pellentesque maximus libero non diam tincidunt, ornare placerat velit volutpat. Phasellus posuere imperdiet dolor, vel condimentum arcu vehicula vel. Morbi luctus leo id ante condimentum facilisis. Suspendisse placerat turpis mi, a tempus nulla consectetur sed. Donec at libero arcu. Sed varius molestie lectus, et ultrices tortor condimentum in. Suspendisse varius sed tellus a accumsan. Fusce neque orci, facilisis eu pharetra eu, aliquam vitae sapien. Donec porta malesuada lorem, a accumsan leo blandit et. Phasellus eu dolor et lectus faucibus dignissim ut id orci. Integer vel mi ultrices, cursus dolor non, vulputate tellus. Curabitur euismod nisl ante, ut malesuada libero pretium ac. Duis at neque neque.","Integer ultricies euismod ante, nec consequat metus congue in. In consectetur porttitor sem in vulputate. Aenean suscipit gravida magna, eu semper nunc gravida in. Sed sagittis lobortis malesuada. Maecenas sed odio enim. Nam quis erat velit. Integer rutrum laoreet ante at venenatis. Nam elementum sagittis nulla, a lacinia massa porttitor et. Nam eget mattis diam. Fusce posuere dictum tempor. Quisque lorem quam, hendrerit ullamcorper lectus vitae, sollicitudin placerat nisl. Ut viverra, est in sagittis venenatis, metus arcu faucibus sem, a congue nisl dolor non magna. Morbi lacinia mi ut imperdiet faucibus. Aenean egestas nunc ut scelerisque egestas. Pellentesque ornare tempor erat a faucibus.","Integer ultricies euismod ante, nec consequat metus congue in. In consectetur porttitor sem in vulputate. Aenean suscipit gravida magna, eu semper nunc gravida in. Sed sagittis lobortis malesuada. Maecenas sed odio enim. Nam quis erat velit. Integer rutrum laoreet ante at venenatis. Nam elementum sagittis nulla, a lacinia massa porttitor et. Nam eget mattis diam. Fusce posuere dictum tempor. Quisque lorem quam, hendrerit ullamcorper lectus vitae, sollicitudin placerat nisl. Ut viverra, est in sagittis venenatis, metus arcu faucibus sem, a congue nisl dolor non magna. Morbi lacinia mi ut imperdiet faucibus. Aenean egestas nunc ut scelerisque egestas. Pellentesque ornare tempor erat a faucibus.",4.jpg,6/3/2021,5/4/2021,647
5,piraat,"Nam congue fermentum nunc, vel finibus mi finibus nec. Vestibulum aliquam eros metus, vestibulum porta mauris lobortis at. Duis metus ligula, cursus nec purus vel, posuere consequat felis. Nulla interdum lacus id sem fermentum volutpat eu ut enim. Aliquam eget posuere ipsum. Fusce nec eleifend neque. Maecenas quis imperdiet massa, vitae suscipit est. Phasellus hendrerit risus ut semper efficitur. Donec ut sodales est, eget rutrum justo.","Donec et molestie nibh. Etiam massa ex, commodo id neque sit amet, facilisis pellentesque odio. Curabitur eget nisl leo. Nulla placerat nulla sed suscipit interdum. In a mauris orci. Pellentesque habitant morbi tristique senectus et netus et malesuada fames ac turpis egestas. Proin auctor, elit eget faucibus vehicula, metus arcu cursus quam, varius tempus libero ligula sed nunc. Mauris volutpat justo non tempor ultricies. Proin iaculis vitae ante sed dapibus. Fusce elementum massa non lectus semper porttitor. Pellentesque pretium ex convallis, mollis massa eu, efficitur tellus. Nulla facilisi. Praesent cursus aliquam convallis. Vestibulum bibendum diam non tellus condimentum, eget tempus ex tristique.","Integer ultricies euismod ante, nec consequat metus congue in. In consectetur porttitor sem in vulputate. Aenean suscipit gravida magna, eu semper nunc gravida in. Sed sagittis lobortis malesuada. Maecenas sed odio enim. Nam quis erat velit. Integer rutrum laoreet ante at venenatis. Nam elementum sagittis nulla, a lacinia massa porttitor et. Nam eget mattis diam. Fusce posuere dictum tempor. Quisque lorem quam, hendrerit ullamcorper lectus vitae, sollicitudin placerat nisl. Ut viverra, est in sagittis venenatis, metus arcu faucibus sem, a congue nisl dolor non magna. Morbi lacinia mi ut imperdiet faucibus. Aenean egestas nunc ut scelerisque egestas. Pellentesque ornare tempor erat a faucibus.","Donec et molestie nibh. Etiam massa ex, commodo id neque sit amet, facilisis pellentesque odio. Curabitur eget nisl leo. Nulla placerat nulla sed suscipit interdum. In a mauris orci. Pellentesque habitant morbi tristique senectus et netus et malesuada fames ac turpis egestas. Proin auctor, elit eget faucibus vehicula, metus arcu cursus quam, varius tempus libero ligula sed nunc. Mauris volutpat justo non tempor ultricies. Proin iaculis vitae ante sed dapibus. Fusce elementum massa non lectus semper porttitor. Pellentesque pretium ex convallis, mollis massa eu, efficitur tellus. Nulla facilisi. Praesent cursus aliquam convallis. Vestibulum bibendum diam non tellus condimentum, eget tempus ex tristique.",5.jpg,6/4/2021,5/5/2021,638
6,koning(in),"Integer ultricies euismod ante, nec consequat metus congue in. In consectetur porttitor sem in vulputate. Aenean suscipit gravida magna, eu semper nunc gravida in. Sed sagittis lobortis malesuada. Maecenas sed odio enim. Nam quis erat velit. Integer rutrum laoreet ante at venenatis. Nam elementum sagittis nulla, a lacinia massa porttitor et. Nam eget mattis diam. Fusce posuere dictum tempor. Quisque lorem quam, hendrerit ullamcorper lectus vitae, sollicitudin placerat nisl. Ut viverra, est in sagittis venenatis, metus arcu faucibus sem, a congue nisl dolor non magna. Morbi lacinia mi ut imperdiet faucibus. Aenean egestas nunc ut scelerisque egestas. Pellentesque ornare tempor erat a faucibus.","Lorem ipsum dolor sit amet, consectetur adipiscing elit. Sed consectetur et ante vitae fermentum. Nunc elementum enim at lorem sagittis, non interdum libero sodales. Vestibulum in mattis diam, quis facilisis ex. Nullam euismod felis et lectus auctor, sed sodales ipsum vulputate. Sed quis velit non diam dignissim posuere ut sed elit. Aliquam at erat est. Aenean venenatis tincidunt auctor. Curabitur ac lectus odio.","Pellentesque maximus libero non diam tincidunt, ornare placerat velit volutpat. Phasellus posuere imperdiet dolor, vel condimentum arcu vehicula vel. Morbi luctus leo id ante condimentum facilisis. Suspendisse placerat turpis mi, a tempus nulla consectetur sed. Donec at libero arcu. Sed varius molestie lectus, et ultrices tortor condimentum in. Suspendisse varius sed tellus a accumsan. Fusce neque orci, facilisis eu pharetra eu, aliquam vitae sapien. Donec porta malesuada lorem, a accumsan leo blandit et. Phasellus eu dolor et lectus faucibus dignissim ut id orci. Integer vel mi ultrices, cursus dolor non, vulputate tellus. Curabitur euismod nisl ante, ut malesuada libero pretium ac. Duis at neque neque.","Integer ultricies euismod ante, nec consequat metus congue in. In consectetur porttitor sem in vulputate. Aenean suscipit gravida magna, eu semper nunc gravida in. Sed sagittis lobortis malesuada. Maecenas sed odio enim. Nam quis erat velit. Integer rutrum laoreet ante at venenatis. Nam elementum sagittis nulla, a lacinia massa porttitor et. Nam eget mattis diam. Fusce posuere dictum tempor. Quisque lorem quam, hendrerit ullamcorper lectus vitae, sollicitudin placerat nisl. Ut viverra, est in sagittis venenatis, metus arcu faucibus sem, a congue nisl dolor non magna. Morbi lacinia mi ut imperdiet faucibus. Aenean egestas nunc ut scelerisque egestas. Pellentesque ornare tempor erat a faucibus.",6.jpg,6/5/2021,5/6/2021,629
7,pretletter,"Pellentesque maximus libero non diam tincidunt, ornare placerat velit volutpat. Phasellus posuere imperdiet dolor, vel condimentum arcu vehicula vel. Morbi luctus leo id ante condimentum facilisis. Suspendisse placerat turpis mi, a tempus nulla consectetur sed. Donec at libero arcu. Sed varius molestie lectus, et ultrices tortor condimentum in. Suspendisse varius sed tellus a accumsan. Fusce neque orci, facilisis eu pharetra eu, aliquam vitae sapien. Donec porta malesuada lorem, a accumsan leo blandit et. Phasellus eu dolor et lectus faucibus dignissim ut id orci. Integer vel mi ultrices, cursus dolor non, vulputate tellus. Curabitur euismod nisl ante, ut malesuada libero pretium ac. Duis at neque neque.","Phasellus sed ipsum ultricies, pulvinar quam et, ullamcorper nulla. Duis tempus posuere pulvinar. Morbi luctus urna non nisl ultrices, eu pellentesque neque rutrum. Suspendisse potenti. Praesent non elementum lectus. In ornare quam a est dictum consectetur. Praesent a neque vitae enim viverra posuere in vitae metus. Donec dapibus non nulla in cursus. Nulla facilisi. Maecenas faucibus vel nulla non maximus. Duis interdum quam enim, sed placerat tortor ultricies ac.","Fusce placerat ornare egestas. In sollicitudin orci vitae ex tempus, non ultricies enim feugiat. Nunc in nisl ut nunc semper mollis. Maecenas eget vulputate dolor, quis tincidunt felis. Fusce sed ultrices dolor. Sed ut faucibus nibh. Morbi cursus erat lorem. Etiam eget urna et tellus ultrices dapibus. Praesent varius nunc sit amet ante condimentum, in ullamcorper turpis faucibus. Nulla semper risus ut ante lacinia, nec cursus lectus egestas. Integer sit amet arcu eget enim ullamcorper interdum. Donec vehicula elit in orci finibus congue. Fusce convallis suscipit venenatis.","Phasellus sed ipsum ultricies, pulvinar quam et, ullamcorper nulla. Duis tempus posuere pulvinar. Morbi luctus urna non nisl ultrices, eu pellentesque neque rutrum. Suspendisse potenti. Praesent non elementum lectus. In ornare quam a est dictum consectetur. Praesent a neque vitae enim viverra posuere in vitae metus. Donec dapibus non nulla in cursus. Nulla facilisi. Maecenas faucibus vel nulla non maximus. Duis interdum quam enim, sed placerat tortor ultricies ac.",7.jpg,6/6/2021,7/7/2021,611
8,overwinnaar,"Phasellus sed ipsum ultricies, pulvinar quam et, ullamcorper nulla. Duis tempus posuere pulvinar. Morbi luctus urna non nisl ultrices, eu pellentesque neque rutrum. Suspendisse potenti. Praesent non elementum lectus. In ornare quam a est dictum consectetur. Praesent a neque vitae enim viverra posuere in vitae metus. Donec dapibus non nulla in cursus. Nulla facilisi. Maecenas faucibus vel nulla non maximus. Duis interdum quam enim, sed placerat tortor ultricies ac.","Pellentesque maximus libero non diam tincidunt, ornare placerat velit volutpat. Phasellus posuere imperdiet dolor, vel condimentum arcu vehicula vel. Morbi luctus leo id ante condimentum facilisis. Suspendisse placerat turpis mi, a tempus nulla consectetur sed. Donec at libero arcu. Sed varius molestie lectus, et ultrices tortor condimentum in. Suspendisse varius sed tellus a accumsan. Fusce neque orci, facilisis eu pharetra eu, aliquam vitae sapien. Donec porta malesuada lorem, a accumsan leo blandit et. Phasellus eu dolor et lectus faucibus dignissim ut id orci. Integer vel mi ultrices, cursus dolor non, vulputate tellus. Curabitur euismod nisl ante, ut malesuada libero pretium ac. Duis at neque neque.","Pellentesque maximus libero non diam tincidunt, ornare placerat velit volutpat. Phasellus posuere imperdiet dolor, vel condimentum arcu vehicula vel. Morbi luctus leo id ante condimentum facilisis. Suspendisse placerat turpis mi, a tempus nulla consectetur sed. Donec at libero arcu. Sed varius molestie lectus, et ultrices tortor condimentum in. Suspendisse varius sed tellus a accumsan. Fusce neque orci, facilisis eu pharetra eu, aliquam vitae sapien. Donec porta malesuada lorem, a accumsan leo blandit et. Phasellus eu dolor et lectus faucibus dignissim ut id orci. Integer vel mi ultrices, cursus dolor non, vulputate tellus. Curabitur euismod nisl ante, ut malesuada libero pretium ac. Duis at neque neque.","Nam congue fermentum nunc, vel finibus mi finibus nec. Vestibulum aliquam eros metus, vestibulum porta mauris lobortis at. Duis metus ligula, cursus nec purus vel, posuere consequat felis. Nulla interdum lacus id sem fermentum volutpat eu ut enim. Aliquam eget posuere ipsum. Fusce nec eleifend neque. Maecenas quis imperdiet massa, vitae suscipit est. Phasellus hendrerit risus ut semper efficitur. Donec ut sodales est, eget rutrum justo.",8.jpg,8/7/2021,7/8/2021,692
9,artiest,"Fusce placerat ornare egestas. In sollicitudin orci vitae ex tempus, non ultricies enim feugiat. Nunc in nisl ut nunc semper mollis. Maecenas eget vulputate dolor, quis tincidunt felis. Fusce sed ultrices dolor. Sed ut faucibus nibh. Morbi cursus erat lorem. Etiam eget urna et tellus ultrices dapibus. Praesent varius nunc sit amet ante condimentum, in ullamcorper turpis faucibus. Nulla semper risus ut ante lacinia, nec cursus lectus egestas. Integer sit amet arcu eget enim ullamcorper interdum. Donec vehicula elit in orci finibus congue. Fusce convallis suscipit venenatis.","Fusce placerat ornare egestas. In sollicitudin orci vitae ex tempus, non ultricies enim feugiat. Nunc in nisl ut nunc semper mollis. Maecenas eget vulputate dolor, quis tincidunt felis. Fusce sed ultrices dolor. Sed ut faucibus nibh. Morbi cursus erat lorem. Etiam eget urna et tellus ultrices dapibus. Praesent varius nunc sit amet ante condimentum, in ullamcorper turpis faucibus. Nulla semper risus ut ante lacinia, nec cursus lectus egestas. Integer sit amet arcu eget enim ullamcorper interdum. Donec vehicula elit in orci finibus congue. Fusce convallis suscipit venenatis.","Fusce placerat ornare egestas. In sollicitudin orci vitae ex tempus, non ultricies enim feugiat. Nunc in nisl ut nunc semper mollis. Maecenas eget vulputate dolor, quis tincidunt felis. Fusce sed ultrices dolor. Sed ut faucibus nibh. Morbi cursus erat lorem. Etiam eget urna et tellus ultrices dapibus. Praesent varius nunc sit amet ante condimentum, in ullamcorper turpis faucibus. Nulla semper risus ut ante lacinia, nec cursus lectus egestas. Integer sit amet arcu eget enim ullamcorper interdum. Donec vehicula elit in orci finibus congue. Fusce convallis suscipit venenatis.","Pellentesque maximus libero non diam tincidunt, ornare placerat velit volutpat. Phasellus posuere imperdiet dolor, vel condimentum arcu vehicula vel. Morbi luctus leo id ante condimentum facilisis. Suspendisse placerat turpis mi, a tempus nulla consectetur sed. Donec at libero arcu. Sed varius molestie lectus, et ultrices tortor condimentum in. Suspendisse varius sed tellus a accumsan. Fusce neque orci, facilisis eu pharetra eu, aliquam vitae sapien. Donec porta malesuada lorem, a accumsan leo blandit et. Phasellus eu dolor et lectus faucibus dignissim ut id orci. Integer vel mi ultrices, cursus dolor non, vulputate tellus. Curabitur euismod nisl ante, ut malesuada libero pretium ac. Duis at neque neque.",9.jpg,8/8/2021,7/9/2021,683
,,,,,,,8/9/2021,08/10/2021,674
,,,,,,,09/10/2021,07/11/2021,665
,,,,,,,08/11/2021,07/12/2021,656
,,,,,,,08/12/2021,5/1/2022,647
,,,,,,,6/1/2022,31/1/2022,638
,,,,,,,1/2/2022,3/2/2022,591